num_experimento,num_neuronas_por_capa_oculta,tasa_de_aprendizaje,iteraciones,error_medio,error_minimo,max_error
1,[],0.1,1000,0.24961941612612534,3.9443298047536726e-05,0.8379039210026933
2,[],0.01,1000,0.26101809424578587,8.00769403447729e-05,0.8178081171487954
3,[],0.1,2000,0.24962355836428804,3.9445333875844526e-05,0.8379273788598709
4,[],0.01,2000,0.26208863645917585,7.960566339995047e-05,0.8261633690661642
