num_experimento,num_neuronas_por_capa_oculta,tasa_de_aprendizaje,iteraciones,error_medio,error_minimo,max_error
1,[],0.1,1000,0.13362947106476633,0.002250792561761326,0.6221858629979018
2,[],0.01,1000,0.13010106538219948,0.0028684781238534954,0.5826286619809309
3,[],0.1,2000,0.1336317597413992,0.0022509117444399363,0.6222219093745183
4,[],0.01,2000,0.12939054021667462,0.0029074599706236963,0.5800438446243563
