num_experimento,num_neuronas_por_capa_oculta,tasa_de_aprendizaje,iteraciones,error_medio,error_minimo,max_error
1,[],0.1,1000,0.38915559050978055,0.09583468461127637,0.8262407974948379
2,[],0.01,1000,0.385294408486332,0.06794598291702168,0.8405561468095916
3,[],0.1,2000,0.389151601338806,0.09582608298213967,0.8262642246371237
4,[],0.01,2000,0.3846527846979587,0.06679657278486047,0.8419879643201019
